-- MySQL dump 10.13  Distrib 5.1.68, for Win64 (unknown)
--
-- Host: localhost    Database: iaa
-- ------------------------------------------------------
-- Server version	5.1.68-community

-- Edit this file & change passwords

/*!40101 SET @OLD_CHARACTER_SET_CLIENT=@@CHARACTER_SET_CLIENT */;
/*!40101 SET @OLD_CHARACTER_SET_RESULTS=@@CHARACTER_SET_RESULTS */;
/*!40101 SET @OLD_COLLATION_CONNECTION=@@COLLATION_CONNECTION */;
/*!40101 SET NAMES utf8 */;
/*!40103 SET @OLD_TIME_ZONE=@@TIME_ZONE */;
/*!40103 SET TIME_ZONE='+00:00' */;
/*!40014 SET @OLD_UNIQUE_CHECKS=@@UNIQUE_CHECKS, UNIQUE_CHECKS=0 */;
/*!40014 SET @OLD_FOREIGN_KEY_CHECKS=@@FOREIGN_KEY_CHECKS, FOREIGN_KEY_CHECKS=0 */;
/*!40101 SET @OLD_SQL_MODE=@@SQL_MODE, SQL_MODE='NO_AUTO_VALUE_ON_ZERO' */;
/*!40111 SET @OLD_SQL_NOTES=@@SQL_NOTES, SQL_NOTES=0 */;

--
-- Table structure for table `answers`
--

DROP TABLE IF EXISTS `answers`;
/*!40101 SET @saved_cs_client     = @@character_set_client */;
/*!40101 SET character_set_client = utf8 */;
CREATE TABLE `answers` (
  `answerID` int(11) NOT NULL AUTO_INCREMENT,
  `questionID` int(11) NOT NULL,
  `isCorrect` tinyint(1) NOT NULL,
  `answerContent` varchar(1000) CHARACTER SET utf8 NOT NULL,
  PRIMARY KEY (`answerID`)
) ENGINE=InnoDB AUTO_INCREMENT=1154 DEFAULT CHARSET=latin1;
/*!40101 SET character_set_client = @saved_cs_client */;

--
-- Dumping data for table `answers`
--

LOCK TABLES `answers` WRITE;
/*!40000 ALTER TABLE `answers` DISABLE KEYS */;
INSERT INTO `answers` VALUES (1,1,1,'1'),(2,1,1,'2'),(3,1,1,'3'),(4,1,1,'4'),(5,1,1,'5'),(6,2,1,'1'),(7,2,1,'2'),(8,2,1,'3'),(9,2,1,'4'),(10,2,1,'5'),(11,3,1,'1'),(12,3,1,'2'),(13,3,1,'3'),(14,3,1,'4'),(15,3,1,'5'),(16,4,1,'1'),(17,4,1,'2'),(18,4,1,'3'),(19,4,1,'4'),(20,4,1,'5'),(21,5,1,'1'),(22,5,1,'2'),(23,5,1,'3'),(24,5,1,'4'),(25,5,1,'5'),(26,6,0,'Network'),(27,6,0,'Controller'),(28,6,0,'Supplier'),(29,6,1,'Third '),(30,7,0,'Application'),(31,7,1,'Security'),(32,7,0,'System'),(33,7,0,'Web'),(34,8,0,'Entering a password'),(35,8,0,'Turning on the computer'),(36,8,0,'Username'),(37,8,1,'Entering a username and a password'),(38,9,0,'CTRL'),(39,9,0,'SHIFT'),(40,9,1,'ALT'),(41,9,0,'TAB'),(42,10,0,'Network'),(43,10,0,'Controller'),(44,10,0,'Supplier'),(45,10,1,'Third'),(46,11,0,'&lt;head>'),(47,11,1,'&lt;h1>'),(48,11,0,'&lt;heading>'),(49,11,0,'&lt;h6>'),(50,12,0,'document.getElement(\"p\").innerHTML=\"Hello World!\";'),(51,12,0,'document.getElementByName(\"p\").innerHTML = \"Hello World!\";'),(52,12,1,'document.getElementById(\"demo\").innerHTML = \"Hello World!\";'),(53,12,0,'#demo.innerHTML = \"Hello World!\";'),(54,13,0,'\"Hello World\";'),(55,13,0,'Document.Write(\"Hello World\");'),(56,13,1,'echo \"Hello World\"; '),(57,14,0,'{body;color:black;}'),(58,14,0,'body:color=black;'),(59,14,0,'{body:color=black;}'),(60,14,1,'body {color: black;}'),(61,15,1,'SELECT * FROM Persons '),(62,15,0,'SELECT Persons'),(63,15,0,'SELECT *.Persons'),(64,15,0,'SELECT [all] FROM Persons'),(65,16,0,'The username and password are sent for authentication.'),(66,16,1,'A digital certificate establishes the web site identity to the browser.'),(67,16,0,'The web page is displayed, and then authentication is performed.'),(68,16,0,'The client establishes its identity to the web server.'),(69,17,0,' On its expiry date'),(70,17,0,'After it expires'),(71,17,0,'After it’s revoked'),(72,17,1,'Thirty days before expire'),(73,18,0,'The denial-of-service worm has already infected the firewall locally.'),(74,18,1,'The attack is coming from multiple, distributed hosts. '),(75,18,0,'A firewall can’t block denial-of-service attacks.'),(76,18,0,'Antivirus software needs to be installed.'),(77,19,1,'It allows wireless access only for specified MAC addresses.'),(78,19,0,'It prevents wireless access only from specified MAC addresses.'),(79,19,0,'It encrypts only specified wireless device MAC addresses.'),(80,19,0,'It encrypts only MAC addresses not specified.'),(81,20,0,'The virus was already pre-existing on the system.'),(82,20,1,'Antivirus signatures need to be updated.'),(83,20,0,'The virus could only be blocked by a pop-up blocker.'),(84,20,0,'Operating system software was out of date.'),(85,21,1,'The Operating System'),(86,21,0,'The Motherboard'),(87,21,0,'The Platform'),(88,21,0,'Application Software'),(89,22,0,'32 bits'),(90,22,0,'128 bytes'),(91,22,0,'64 bits'),(92,22,1,'128 bits'),(93,23,0,'picture'),(94,23,0,'image'),(95,23,1,'img'),(96,23,0,'src'),(97,24,0,'Packaged programs'),(98,24,0,'Application programs'),(99,24,0,'Operating system programs'),(100,24,1,'Any of these'),(101,25,1,'&lt;strong>'),(102,25,0,'&lt;dark>'),(103,25,0,'&lt;black>'),(104,25,0,'&lt;emp>'),(105,26,0,'NAT'),(106,26,0,'Static'),(107,26,0,'Dynamic'),(108,26,1,'PAT'),(109,27,1,'Digital divide'),(110,27,0,'internet divide'),(111,27,0,'Web divide'),(112,27,0,'Cyberway divide'),(113,28,1,'1 KB'),(114,28,0,'1 MB'),(115,28,0,'1 GB'),(116,28,0,'1 TB'),(117,29,0,'Mainframe'),(118,29,0,'Supercomputer'),(119,29,1,'Network'),(120,29,0,'Client'),(121,30,1,'Standard and Extended'),(122,30,0,'IEEE and Standard'),(123,30,0,'Extended and Specialized'),(124,30,0,'Specialized and Unspecialized'),(125,31,0,'&lt;head>'),(126,31,0,'&lt;title>'),(127,31,1,'&lt;html>'),(128,31,0,'&lt;document>'),(129,32,0,'Uploading'),(130,32,0,'Accessibility'),(131,32,0,'Authentication'),(132,32,1,'Downloading'),(133,33,1,'Application software'),(134,33,0,'System software'),(135,33,0,'Operating system software'),(136,33,0,'Platform software'),(137,34,0,'copy running backup'),(138,34,1,'copy running-config startup-config'),(139,34,0,'config mem'),(140,34,0,'wr mem'),(141,35,0,'&lt;a href=\'xxx@yyy\'>'),(142,35,0,'&lt;mail href=\'xxx@yyy\'>'),(143,35,0,'&lt;mail>xxx@yyy&lt;/mail>'),(144,35,1,'&lt;a href=\'mailto:xxx@yyy\'>'),(145,36,0,'A file is a collection of related pieces of information stored together for easy reference.'),(146,36,0,'Files can be generated from an application.'),(147,36,1,'Files are stored in RAM.'),(148,36,0,'Files should be organized in folders.'),(149,37,1,'Application software'),(150,37,0,'System software'),(151,37,0,'Operating system software'),(152,37,0,'Platform software'),(153,38,0,'A'),(154,38,0,'B'),(155,38,1,'G'),(156,38,0,'N'),(157,39,0,'class'),(158,39,1,'ID'),(159,39,0,'dot'),(160,39,0,'Any of these'),(161,40,0,'configuration'),(162,40,0,'accessibility '),(163,40,1,'authentication'),(164,40,0,'logging in'),(165,41,0,'1 Gigabyte'),(166,41,0,'2 Gigabytes'),(167,41,1,'4 Gigabytes'),(168,41,0,'16 Gigabyte'),(169,42,1,'To provide IP address information to computers.'),(170,42,0,'To translate between a name and an IP address.'),(171,42,0,'To encrypt traffic across the Internet.'),(172,42,0,'To post to twitter.'),(173,43,0,'192.290.128.756'),(174,43,0,'AB4.931.c2.4'),(175,43,1,'172.106.21.5'),(176,43,0,'192.78.4'),(177,44,1,'Hard drive'),(178,44,0,'Keyboard'),(179,44,0,'Monitor'),(180,44,0,'RAM'),(181,45,0,'Enables a computer to connect to a network.'),(182,45,0,'Provides temporary data storage for the CPU.'),(183,45,1,'Performs a power-on self-test of internal components.'),(184,45,0,'Provides graphic capabilities for games and applications.'),(185,46,0,'Ipconfig'),(186,46,1,'Ping'),(187,46,0,'Nbtstat -s'),(188,46,0,'Winipcfg'),(189,47,0,'To encapsulate data that is used to communicate across a network.'),(190,47,1,'To select the paths that are used to direct traffic to destination networks.'),(191,47,0,'To select the paths that are used to direct traffic to destination networks.'),(192,47,0,'To provide secure Internet file transfer.'),(193,48,0,'Switch'),(194,48,0,'Hub'),(195,48,1,'Router'),(196,48,0,'Host'),(197,49,0,'LAN'),(198,49,0,'MAN'),(199,49,1,'WAN'),(200,49,0,'WLAN'),(201,50,0,'To determine the active TCP connections on a PC.'),(202,50,0,'To check information about a DNS name in the DNS server.'),(203,50,1,'To identify where a packet was lost or delayed on a network.'),(204,50,0,'To display the IP address, default gateway, and DNS server address for a PC.'),(308,96,0,'syntax'),(309,96,1,'machine language'),(310,96,0,'compiler'),(311,96,0,'program'),(312,97,0,'GUI'),(313,97,0,'attributes'),(314,97,0,'methods'),(315,97,1,'logic'),(316,98,1,'debugging'),(317,98,0,'compiling'),(318,98,0,'commenting out'),(319,98,0,'executing'),(320,99,0,'Literal strings'),(321,99,0,'Primitive data'),(322,99,1,'Arguments'),(323,99,0,'Complex data'),(324,100,0,'Write()'),(325,100,0,'PrintLn()'),(326,100,0,'PrintLine()'),(327,100,1,'WriteLine()'),(328,101,0,'keyword'),(329,101,0,'namespace'),(330,101,1,'access modifier'),(331,101,0,'whitespace'),(332,102,0,'Aliases'),(333,102,1,'Program comments'),(334,102,0,'Namespaces'),(335,102,0,'Whitespaces'),(336,103,0,'alias'),(337,103,0,'instrinsic'),(338,103,0,'implicit'),(339,103,1,'declaration'),(340,104,1,'binary'),(341,104,0,'complex'),(342,104,0,'composite'),(343,104,0,'unary'),(344,105,0,'prefix increment'),(345,105,0,'postfix increment'),(346,105,1,'add and assign'),(347,105,0,'increment and assign'),(348,106,0,'increment'),(349,106,0,'sub and assign'),(350,106,0,'add and assign'),(351,106,1,'decrement'),(352,107,1,'char'),(353,107,0,'string'),(354,107,0,'bool'),(355,107,0,'int'),(356,108,0,'Console.Next()'),(357,108,0,'Console.NextLine()'),(358,108,1,'Console.ReadLine()'),(359,108,0,'Console.Input()'),(360,109,0,'line'),(361,109,1,'prompt'),(362,109,0,'cue'),(363,109,0,'hint'),(364,110,1,'decision'),(365,110,0,'sequence'),(366,110,0,'literal'),(367,110,0,'fixed'),(368,111,0,'switch'),(369,111,0,'fork'),(370,111,1,'if'),(371,111,0,'if-else'),(372,112,0,'switch'),(373,112,1,'block'),(374,112,0,'sequence structure'),(375,112,0,'decision structure'),(376,113,0,'OR'),(377,113,1,'AND'),(378,113,0,'XOR'),(379,113,0,'NOT'),(380,114,0,'||'),(381,114,0,'|'),(382,114,1,'&&'),(383,114,0,'&'),(384,115,1,'OR'),(385,115,0,'AND'),(386,115,0,'XOR'),(387,115,0,'NOT'),(388,116,0,'!'),(389,116,0,'|'),(390,116,1,'&'),(391,116,0,'||'),(392,117,0,'if'),(393,117,0,'case'),(394,117,0,'break'),(395,117,1,'switch'),(396,118,1,'no fall through rule'),(397,118,0,'en passant rule'),(398,118,0,'always break rule'),(399,118,0,'default rule'),(400,119,0,'binary'),(401,119,1,'ternary'),(402,119,0,'sequence'),(403,119,0,'logical'),(404,120,0,'&'),(405,120,0,'&&'),(406,120,0,'<>'),(407,120,1,'!'),(408,121,1,'True'),(409,121,0,'False'),(410,122,0,'True'),(411,122,1,'False'),(412,123,1,'True'),(413,123,0,'False'),(414,124,0,'True'),(415,124,1,'False'),(416,125,0,'True'),(417,125,1,'False'),(418,126,1,'True'),(419,126,0,'False'),(420,127,0,'True'),(421,127,1,'False'),(422,128,0,'True'),(423,128,1,'False'),(424,129,1,'True'),(425,129,0,'False'),(426,130,0,'lap'),(427,130,1,'iteration'),(428,130,0,'path'),(429,130,0,'round'),(430,131,1,'ORs'),(431,131,0,'NOTs'),(432,131,0,'EQUALS'),(433,131,0,'WITHs'),(434,132,1,'for'),(435,132,0,'do'),(436,132,0,'do-while'),(437,132,0,'while'),(438,133,0,'do'),(439,133,0,'do-while'),(440,133,0,'switch'),(441,133,1,'while'),(442,134,1,'do'),(443,134,0,'for'),(444,134,0,'switch'),(445,134,0,'while'),(446,135,0,'inner'),(447,135,1,'outer'),(448,135,0,'while'),(449,135,0,'for'),(450,136,0,'decremented'),(451,136,0,'incremented'),(452,136,0,'derived'),(453,136,1,'accumulated'),(454,137,1,'new'),(455,137,0,'save'),(456,137,0,'mem'),(457,137,0,'reserve'),(458,138,1,'integer'),(459,138,0,'float'),(460,138,0,'double'),(461,138,0,'Boolean'),(462,139,0,'null'),(463,139,0,'u0000'),(464,139,1,'0'),(465,139,0,'false'),(466,140,0,'null'),(467,140,1,'false'),(468,140,0,'true'),(469,140,0,'u0000'),(470,141,0,':'),(471,141,0,'-'),(472,141,1,';'),(473,141,0,'*/'),(474,142,0,'for'),(475,142,0,'while'),(476,142,0,'do-while'),(477,142,1,'foreach'),(478,143,0,'Reverse()'),(479,143,0,'BinarySearch()'),(480,143,0,'Order()'),(481,143,1,'Sort()'),(482,144,0,'BinarySearch()'),(483,144,0,'Opposite()'),(484,144,1,'Reverse()'),(485,144,0,'Order()'),(486,145,0,'vector'),(487,145,1,'rectangular'),(488,145,0,'list'),(489,145,0,'linear'),(490,146,1,'optional'),(491,146,0,'reference'),(492,146,0,'output'),(493,146,0,'value'),(494,147,0,'reference'),(495,147,0,'output'),(496,147,0,'input'),(497,147,1,'value'),(498,148,0,'value'),(499,148,1,'reference'),(500,148,0,'optional'),(501,148,0,'global'),(502,149,1,'output'),(503,149,0,'input'),(504,149,0,'static'),(505,149,0,'value'),(506,150,0,'ref'),(507,150,0,'params'),(508,150,0,'get'),(509,150,1,'out'),(510,151,0,'value parameter'),(511,151,1,'parameter array'),(512,151,0,'reference parameter'),(513,151,0,'output parameter'),(514,152,0,'actual'),(515,152,0,'value'),(516,152,0,'default'),(517,152,1,'optional'),(518,153,0,'local'),(519,153,1,'mandatory'),(520,153,0,'default'),(521,153,0,'global'),(522,154,0,'explicit'),(523,154,0,'implicit'),(524,154,0,'local'),(525,154,1,'default'),(526,155,0,'instantiate'),(527,155,0,'overload'),(528,155,0,'inherit'),(529,155,1,'invoke'),(530,156,0,'protected'),(531,156,1,'private'),(532,156,0,'protected internal'),(533,156,0,'internal'),(534,157,1,'static'),(535,157,0,'internal'),(536,157,0,'protected'),(537,157,0,'nonstatic'),(538,158,0,'int'),(539,158,1,'void'),(540,158,0,'object'),(541,158,0,'string'),(542,159,0,'element'),(543,159,1,'parameter'),(544,159,0,'literal'),(545,159,0,'argument'),(546,160,0,'overloading'),(547,160,1,'implementation hiding'),(548,160,0,'polymorphism'),(549,160,0,'inheritance'),(550,161,1,'local'),(551,161,0,'related'),(552,161,0,'global'),(553,161,0,'attached'),(554,162,0,'syntax'),(555,162,1,'logical'),(556,162,0,'runtime'),(557,162,0,'non-critical'),(558,163,1,'reference'),(559,163,0,'value'),(560,163,0,'output'),(561,163,0,'input'),(562,164,0,'True'),(563,164,1,'False'),(564,165,1,'True'),(565,165,0,'False'),(566,166,0,'instantiation'),(567,166,0,'state'),(568,166,1,'instance variables'),(569,166,0,'relationships'),(570,167,0,'state'),(571,167,0,'instantiation'),(572,167,1,'user'),(573,167,0,'server'),(574,168,0,'internal'),(575,168,0,'private'),(576,168,1,'protected'),(577,168,0,'public'),(578,169,0,'protected'),(579,169,0,'internal'),(580,169,1,'private'),(581,169,0,'public'),(582,170,0,'inheritance'),(583,170,0,'class'),(584,170,1,'state'),(585,170,0,'header'),(586,171,1,'information hiding'),(587,171,0,'polymorphism'),(588,171,0,'inheritance'),(589,171,0,'overloading'),(590,172,0,'instance variables'),(591,172,0,'fields'),(592,172,0,'operators'),(593,172,1,'accessors'),(594,173,0,'default'),(595,173,1,'parameterless'),(596,173,0,'initializer'),(597,173,0,'array'),(598,174,0,'parameterless constructor'),(599,174,0,'value constructor'),(600,174,1,'constructor initializer'),(601,174,0,'default constructor'),(602,175,0,'child'),(603,175,0,'institution'),(604,175,1,'instantiation'),(605,175,0,'relative'),(606,176,0,'constructor'),(607,176,0,'constructor initializer'),(608,176,1,'destructor'),(609,176,0,'parameterless constructor'),(610,177,0,'child class'),(611,177,0,'extended class'),(612,177,1,'base class'),(613,177,0,'subclass'),(614,178,0,'base class'),(615,178,1,'derived class'),(616,178,0,'superclass'),(617,178,0,'parent class'),(618,179,0,'parent class'),(619,179,0,'superclass'),(620,179,0,'base class'),(621,179,1,'subclass'),(622,180,0,'derived class'),(623,180,1,'parent class'),(624,180,0,'extended class'),(625,180,0,'child class'),(626,181,0,'explicit'),(627,181,1,'implicit'),(628,181,0,'baseless'),(629,181,0,'default'),(630,182,0,'get, set'),(631,182,1,'set, get'),(632,182,0,'private, protected'),(633,182,0,'public, protected'),(634,183,0,'eliminates'),(635,183,0,'removes'),(636,183,0,'uses'),(637,183,1,'hides'),(638,184,1,'base'),(639,184,0,'super'),(640,184,0,'upper'),(641,184,0,'parent'),(642,185,0,'Implicit'),(643,185,0,'Abstract'),(644,185,0,'Sealed'),(645,185,1,'Recursive'),(646,186,0,'super'),(647,186,0,'parent'),(648,186,0,'upper'),(649,186,1,'base'),(650,187,1,'abstract'),(651,187,0,'concrete'),(652,187,0,'base'),(653,187,0,'derived'),(654,188,1,'interface'),(655,188,0,'implementation'),(656,188,0,'event'),(657,188,0,'source code'),(658,189,0,'Labels'),(659,189,0,'Textboxes'),(660,189,0,'Buttons'),(661,189,1,'Forms'),(662,190,0,'Properties'),(663,190,0,'Toolbox tab'),(664,190,1,'Solution Explorer'),(665,190,0,'Form Designer'),(666,191,0,'Text'),(667,191,1,'Button'),(668,191,0,'Key'),(669,191,0,'Environment'),(670,192,1,'reportButton_Click()'),(671,192,0,'reportButton.Click()'),(672,192,0,'report_Click()'),(673,192,0,'report.Click()'),(674,193,1,'Toolbox tab'),(675,193,0,'Solution Explorer'),(676,193,0,'Properties window'),(677,193,0,'error list'),(678,194,0,'error'),(679,194,0,'label'),(680,194,1,'event'),(681,194,0,'occurrence'),(682,195,1,'True'),(683,195,0,'False'),(722,196,0,'Fault-tolerance'),(723,196,0,'Mission critical'),(724,196,0,'Online'),(725,196,1,'Robustness'),(726,197,1,'try'),(727,197,0,'catch'),(728,197,0,'finally'),(729,197,0,'exception'),(730,198,0,'finally'),(731,198,1,'catch'),(732,198,0,'try'),(733,198,0,'exception'),(734,199,0,'Default'),(735,199,0,'Catch'),(736,199,0,'Finally'),(737,199,1,'Unreachable'),(738,200,0,'execute'),(739,200,0,'always'),(740,200,1,'finally'),(741,200,0,'default'),(742,201,0,'FileException'),(743,201,0,'StorageException'),(744,201,0,'FExeption'),(745,201,1,'IOException'),(746,202,0,'method call'),(747,202,0,'memory call'),(748,202,1,'call stack'),(749,202,0,'function call'),(750,203,0,'SystemException'),(751,203,1,'Exception'),(752,203,0,'ObjectException'),(753,203,0,'MainException'),(754,204,1,'rethrow'),(755,204,0,'save'),(756,204,0,'open'),(757,204,0,'delete'),(758,205,1,'Control'),(759,205,0,'Object'),(760,205,0,'Widget'),(761,205,0,'Gadget'),(762,206,0,'Text'),(763,206,0,'ForeText'),(764,206,1,'Font'),(765,206,0,'FontText'),(766,207,0,'ListBox'),(767,207,0,'RadioButton'),(768,207,1,'CheckBox'),(769,207,0,'CheckedListBox'),(770,208,0,'Changed()'),(771,208,0,'ClickedChanged()'),(772,208,1,'CheckedChanged()'),(773,208,0,'ValueChanged()'),(774,209,0,'System'),(775,209,0,'Application'),(776,209,0,'CLR'),(777,209,1,'Object'),(778,210,0,'public'),(779,210,0,'property'),(780,210,1,'this'),(781,210,0,'that'),(782,211,1,'assembly'),(783,211,0,'composition'),(784,211,0,'constructor'),(785,211,0,'instance'),(786,212,0,'assemble'),(787,212,0,'initialize'),(788,212,1,'override'),(789,212,0,'reference'),(790,213,0,'identity'),(791,213,1,'hash code'),(792,213,0,'interface'),(793,213,0,'implicit reference'),(794,214,0,'Recursive'),(795,214,0,'Transitive'),(796,214,1,'Fragile'),(797,214,0,'Strong'),(798,215,1,'equality'),(799,215,0,'encapsulation'),(800,215,0,'structure'),(801,215,0,'objection'),(802,216,0,'Apartment'),(803,216,1,'Building'),(804,216,0,'Victorian'),(805,216,0,'myHouse'),(806,217,0,'error'),(807,217,1,'event'),(808,217,0,'note'),(809,217,0,'callback'),(810,218,0,'event source'),(811,218,0,'event sender'),(812,218,0,'sender object'),(813,218,1,'event receiver'),(814,219,1,'delegates'),(815,219,0,'event handlers'),(816,219,0,'event sender'),(817,219,0,'encapsulation'),(818,220,0,'object pointer'),(819,220,0,'integer pointer'),(820,220,1,'function pointer'),(821,220,0,'reference pointer'),(822,221,0,'handler'),(823,221,0,'function'),(824,221,0,'pointer'),(825,221,1,'delegate'),(826,222,1,'volatile'),(827,222,0,'nonvolatile'),(828,222,0,'permanent'),(829,222,0,'hard'),(830,223,0,'temporary'),(831,223,0,'volatile'),(832,223,0,'soft'),(833,223,1,'permanent'),(834,224,0,'Deserialization'),(835,224,0,'Normalization'),(836,224,0,'Streaming'),(837,224,1,'Serialization'),(838,225,1,'Deserialization'),(839,225,0,'Serialilzation'),(840,225,0,'Normalization'),(841,225,0,'Denormalization'),(846,227,1,'Hyper Text Markup Language'),(847,227,0,'Hyperactive Text Marked Language'),(848,227,0,'Hyper Textbook Manual Language'),(849,227,0,'Hyper Transcript Mental Language'),(850,228,1,'&lt;hr /&gt;'),(851,228,0,'&lt;line&gt;'),(852,228,0,'&lt;across&gt;'),(853,228,0,'&lt;rule&gt;'),(854,229,1,'&lt;body style=&quot;background-image:url(background.gif)&quot;&gt;'),(855,229,0,'&lt;background img=&quot;background.gif&quot;&gt;'),(856,229,0,'&lt;body bg=&quot;background.gif&quot;&gt;'),(857,229,0,'&lt;background bg=&quot;background.gif&quot;&gt;'),(858,230,1,'&lt;head&gt; and &lt;/head&gt;'),(859,230,0,'&lt;html&gt; and &lt;/html&gt;	'),(860,230,0,'&lt;page&gt; and &lt;/page&gt;'),(861,230,0,'&lt;body&gt; and &lt;/body&gt;'),(862,231,1,'Good-Bye'),(863,231,0,'Go Away'),(864,231,0,'Not Now'),(865,231,0,'Run'),(870,233,1,'sdfgsdfgfgsd'),(871,233,0,'sdfgsdg'),(872,233,0,'sdfgsdg'),(873,233,0,'sdfgsdgfdsgf'),(874,234,1,'sdfgsd'),(875,234,0,'sdfg'),(876,234,0,'sdfg'),(877,234,0,'sdfgsd'),(878,235,1,'sdfgsdfgf'),(879,235,0,'sdfgsdfg'),(880,235,0,'sdfgsdfg'),(881,235,0,'sdfgsdgf'),(882,236,1,'dasfasf'),(883,236,0,'asdf'),(884,236,0,'asdfasfd'),(885,236,0,'asdfasf'),(886,237,1,'Test answer thing'),(887,237,0,'wrong '),(888,237,0,'also wrong'),(889,237,0,'also wrong'),(922,246,1,'hltuli'),(923,246,0,'bnnfkk'),(924,246,0,'kruiwert'),(925,246,0,'utruy'),(926,247,1,'sure is'),(927,247,0,'dfgh'),(928,247,0,'dfgh'),(929,247,0,'dfghd'),(930,248,1,'&lt;dl&gt; and &lt;/dl&gt;'),(931,248,0,'&lt;li&gt; and &lt;/li&gt;'),(932,248,0,'&lt;ol&gt; and &lt;/ol&gt;'),(933,248,0,'&lt;ul&gt; and &lt;/ul&gt;'),(934,249,1,'False'),(935,249,0,'True'),(936,249,0,' '),(937,249,0,' '),(938,250,1,'True'),(939,250,0,'False'),(940,250,0,' '),(941,250,0,' '),(942,251,1,'ordered'),(943,251,0,'hexadecimal'),(944,251,0,'unordered'),(945,251,0,'title'),(946,252,1,'navigation'),(947,252,0,'fluidity'),(948,252,0,'concatenation'),(949,252,0,'indexing'),(950,253,1,'True'),(951,253,0,'There is no such thing as an &lt;iframe&gt;'),(952,253,0,'False'),(953,253,0,''),(954,254,1,'home'),(955,254,0,'table'),(956,254,0,'tools'),(957,254,0,'server'),(958,255,1,'host'),(959,255,0,'table'),(960,255,0,'ISP'),(961,255,0,'index'),(962,256,1,'True'),(963,256,0,'False'),(964,256,0,'-'),(965,256,0,'-'),(966,257,1,'server'),(967,257,0,'proxy'),(968,257,0,'key'),(969,257,0,'transfer protocol'),(970,258,1,'Internet'),(971,258,0,'extranet'),(972,258,0,'intranet'),(973,258,0,'skynet'),(974,259,1,'&lt;footer&gt;'),(975,259,0,'&lt;bottom&gt;'),(976,259,0,'&lt;section&gt;'),(977,259,0,'&lt;article&gt;'),(978,260,1,'URL'),(979,260,0,'client'),(980,260,0,'explorer'),(981,260,0,'tag'),(982,261,1,'True'),(983,261,0,'False'),(984,261,0,'-'),(985,261,0,'-'),(986,262,1,'&lt;video&gt;'),(987,262,0,'&lt;movie&gt;'),(988,262,0,'&lt;media&gt;'),(989,262,0,'&lt;dvd&gt;'),(990,263,1,'&lt;html&gt; and &lt;/html&gt;'),(991,263,0,'&lt;head&gt; and &lt;/head&gt;	'),(992,263,0,'&lt;page&gt; and &lt;/page&gt;	'),(993,263,0,'&lt;body&gt; and &lt;/body&gt;'),(994,264,1,'&lt;p&gt;'),(995,264,0,'&lt;br/&gt;'),(996,264,0,'&lt;li&gt;'),(997,264,0,'&lt;n&gt;'),(998,265,1,'unordered'),(999,265,0,'ordered'),(1000,265,0,'intranet'),(1001,265,0,'extranet'),(1002,266,1,'&lt;ul&gt; and &lt;/ul&gt;'),(1003,266,0,'&lt;li&gt; and &lt;/li&gt;'),(1004,266,0,'&lt;ol&gt; and &lt;/ol&gt;'),(1005,266,0,'&lt;dl&gt; and &lt;/dl&gt;'),(1006,267,1,'either .htm or .html'),(1007,267,0,'.htm'),(1008,267,0,'.html'),(1009,267,0,'.http'),(1010,268,1,'inline'),(1011,268,0,'embedded'),(1012,268,0,'external'),(1013,268,0,'internal'),(1014,269,1,'src'),(1015,269,0,'url'),(1016,269,0,'loc'),(1017,269,0,'load'),(1018,270,1,'anchor'),(1019,270,0,'server'),(1020,270,0,'index'),(1021,270,0,'home'),(1022,271,1,'&lt;a href=“mailto:address@email.com”&gt;linktext&lt;/a&gt;'),(1023,271,0,'&lt;a name=“mailto:address@email.com”&gt;linktext&lt;/a&gt;'),(1024,271,0,'&lt;a mail=“http://www.address@email.com”&gt;linktext&lt;/a&gt;'),(1025,271,0,'&lt;a href=“http://address@email.com”&gt;linktext&lt;/a&gt;'),(1026,272,1,'Relative'),(1027,272,0,'Absolute'),(1028,272,0,'Located'),(1029,272,0,'Baseline'),(1030,273,1,'&lt;span&gt;&lt;/span&gt;'),(1031,273,0,'&lt;dive&gt;&lt;/dive&gt;'),(1032,273,0,'&lt;p&gt;&lt;/p&gt;'),(1033,273,0,'&lt;style&gt;&lt;/style&gt;'),(1034,274,1,'absolute'),(1035,274,0,'indexed'),(1036,274,0,'relative'),(1037,274,0,'baseline'),(1038,275,1,'&lt;audio&gt;'),(1039,275,0,'&lt;mp3&gt;'),(1040,275,0,'&lt;sound&gt;'),(1041,275,0,'&lt;music&gt;'),(1042,276,1,'&lt;p class=&quot;footer&quot;&gt;'),(1043,276,0,'&lt;p.class.footer&gt;'),(1044,276,0,'&lt;p&gt;footer&lt;/p&gt;'),(1045,276,0,'&lt;p.footer&gt;text here&lt;/p&gt;'),(1046,277,1,'Event attributes'),(1047,277,0,'Style attributes'),(1048,277,0,'HTML attributes'),(1049,277,0,'Read-only attributes'),(1050,278,1,'row'),(1051,278,0,'column'),(1052,278,0,'grid'),(1053,278,0,'baseline'),(1054,279,1,'required'),(1055,279,0,'validate'),(1056,279,0,'formvalidate'),(1057,279,0,'placeholder'),(1058,280,1,'range'),(1059,280,0,'controls'),(1060,280,0,'search'),(1061,280,0,'slider'),(1062,281,1,'&lt;td&gt;&lt;/td&gt;'),(1063,281,0,'&lt;tc&gt;&lt;/tc&gt;'),(1064,281,0,'&lt;th&gt;&lt;/th&gt;'),(1065,281,0,'&lt;tr&gt;&lt;/tr&gt;'),(1066,282,1,'&lt;table&gt; &lt;/table&gt;'),(1067,282,0,'&lt;tr&gt; &lt;/tr&gt;'),(1068,282,0,'&lt;t&gt; &lt;/t&gt;'),(1069,282,0,'&lt;tab&gt; &lt;/tab&gt;'),(1070,283,1,'&lt;nav&gt;'),(1071,283,0,'&lt;navigate&gt;'),(1072,283,0,'&lt;navigation&gt;'),(1073,283,0,'&lt;na&gt;'),(1074,284,1,'Content aside from the page content'),(1075,284,0,'A navigation list to be shown at the left side of the page'),(1076,284,0,'The ASCII character-set; to send information between computers on the Internet'),(1077,284,0,'Independent, self-contained content'),(1078,285,1,'&lt;section&gt;'),(1079,285,0,'&lt;header&gt;'),(1080,285,0,'&lt;top&gt;'),(1081,285,0,'&lt;head&gt;'),(1082,286,1,'&lt;!DOCTYPE html&gt;'),(1083,286,0,'&lt;DOCTYPE&gt;'),(1084,286,0,'&lt;TYPE5&gt;'),(1085,286,0,'&lt;!TYPE HTML5&gt;'),(1086,287,1,'&lt;process&gt;'),(1087,287,0,'&lt;aside&gt;'),(1088,287,0,'&lt;progress&gt;'),(1089,287,0,'&lt;embed&gt;'),(1090,288,1,'canvas'),(1091,288,0,'script'),(1092,288,0,'audio'),(1093,288,0,'embed'),(1094,289,1,'The World Wide Web Consortium'),(1095,289,0,'Microsoft'),(1096,289,0,'Mozilla'),(1097,289,0,'Google'),(1098,290,1,'&lt;br&gt;'),(1099,290,0,'&lt;break&gt;'),(1100,290,0,'&lt;lb&gt;'),(1101,290,0,'&lt;insbr&gt;'),(1102,291,1,'&lt;a href=&quot;http://www.cwidaho.cc&quot;&gt;CWIdaho&lt;/a&gt;'),(1103,291,0,'&lt;a name=&quot;http:// www.cwidaho.cc &quot;&gt; CWIdaho &lt;/a&gt;'),(1104,291,0,'&lt;a&gt;http:// www.cwidaho.cc &lt;/a&gt;'),(1105,291,0,'&lt;a url=&quot;http:// www.cwidaho.cc &quot;&gt; CWIdaho &lt;/a&gt;'),(1106,292,1,'/'),(1107,292,0,'&lt;'),(1108,292,0,'^'),(1109,292,0,'*'),(1110,293,1,'&lt;a href=&quot;url&quot; target=&quot;_blank&quot;&gt;'),(1111,293,0,'&lt;a href=&quot;url&quot; target=&quot;new&quot;&gt;'),(1112,293,0,'&lt;a href=&quot;url&quot; new&gt;'),(1113,293,0,'&lt;a href=url target=blank&gt;'),(1114,294,1,'&lt;table&gt;&lt;tr&gt;&lt;td&gt;'),(1115,294,0,'&lt;table&gt;&lt;tr&gt;&lt;tt&gt;'),(1116,294,0,'&lt;table&gt;&lt;head&gt;&lt;tfoot&gt;'),(1117,294,0,'&lt;thead&gt;&lt;body&gt;&lt;tr&gt;'),(1118,295,1,'True'),(1119,295,0,'False'),(1120,295,0,'-'),(1121,295,0,'-'),(1122,296,1,'&lt;input type=&quot;checkbox&quot;&gt;'),(1123,296,0,'&lt;check&gt;'),(1124,296,0,'&lt;input type=&quot;check&quot;&gt;'),(1125,296,0,'&lt;checkbox&gt;'),(1126,297,1,'&lt;input type=&quot;text&quot;&gt;'),(1127,297,0,'&lt;input type=&quot;textfield&quot;&gt;'),(1128,297,0,'&lt;textinput type=&quot;text&quot;&gt;'),(1129,297,0,'&lt;textfield&gt;'),(1130,298,1,'&lt;select&gt;'),(1131,298,0,'&lt;list&gt;'),(1132,298,0,'&lt;input type=&quot;dropdown&quot;&gt;'),(1133,298,0,'&lt;input type=&quot;list&quot;&gt;'),(1134,299,1,'&lt;textarea&gt;'),(1135,299,0,'&lt;input type=&quot;textarea&quot;&gt;'),(1136,299,0,'&lt;input type=&quot;textbox&quot;&gt;'),(1137,299,0,'&lt;text&gt;'),(1138,300,1,'&lt;img src=&quot;image.gif&quot; alt=&quot;MyImage&quot;&gt;'),(1139,300,0,'&lt;image src=&quot;image.gif&quot; alt=&quot;MyImage&quot;&gt;'),(1140,300,0,'&lt;img href=&quot;image.gif&quot; alt=&quot;MyImage&quot;&gt;'),(1141,300,0,'&lt;img alt=&quot;MyImage&quot;&gt;image.gif&lt;/img&gt;'),(1142,301,1,'&lt;body style=&quot;background-color:yellow;&quot;&gt;'),(1143,301,0,'&lt;background&gt;yellow&lt;/background&gt;'),(1144,301,0,'&lt;body bg=&quot;yellow&quot;&gt;'),(1145,301,0,'&lt;background style=&quot;yellow&quot;&gt;'),(1146,302,1,'&lt;input type=&quot;submit&quot;&gt;'),(1147,302,0,'&lt;type=&quot;button&quot;&gt;'),(1148,302,0,'&lt;form type=&quot;button&quot;&gt;'),(1149,302,0,'&lt;input type=&quot;process&quot;&gt;'),(1150,303,1,'method'),(1151,303,0,'target'),(1152,303,0,'self'),(1153,303,0,'protocol');
/*!40000 ALTER TABLE `answers` ENABLE KEYS */;
UNLOCK TABLES;

--
-- Table structure for table `instructors`
--

DROP TABLE IF EXISTS `instructors`;
/*!40101 SET @saved_cs_client     = @@character_set_client */;
/*!40101 SET character_set_client = utf8 */;
CREATE TABLE `instructors` (
  `instructorID` int(11) NOT NULL AUTO_INCREMENT,
  `role` varchar(30) CHARACTER SET utf8 NOT NULL,
  `instructorPassword` varchar(20) CHARACTER SET utf8 NOT NULL,
  `instructorPhone` varchar(20) CHARACTER SET utf8 NOT NULL,
  `instructorEmail` varchar(30) CHARACTER SET utf8 NOT NULL,
  `instructorFirst` varchar(20) CHARACTER SET utf8 DEFAULT NULL,
  `instructorLast` varchar(20) CHARACTER SET utf8 DEFAULT NULL,
  PRIMARY KEY (`instructorID`)
) ENGINE=InnoDB AUTO_INCREMENT=10 DEFAULT CHARSET=latin1;
/*!40101 SET character_set_client = @saved_cs_client */;

--
-- Dumping data for table `instructors`
--

LOCK TABLES `instructors` WRITE;
/*!40000 ALTER TABLE `instructors` DISABLE KEYS */;
INSERT INTO `instructors` VALUES (1,'sa','Fall2018.','(208)465-5689','davidlowber@mycwi.cc','David','Lowber'),(2,'sa','Fall2018.','(208)562-2518','connormccomas@cwidaho.cc','Connor','McComas'),(3,'sa','Fall2018.','(208)698-2347','nikkivandermeer@mycwi.cc','Nikki','Vandermeer'),(4,'sa','Fall2018.','(206)235-8547','austintruex@mycwi.cc','Austin','Truex'),(5,'instructor','Fall2018.','(208)562-2517','jasonherz@cwidaho.cc','Jason','Herz'),(6,'instructor','Fall2018.','(208)562-2074','donbowers@cwidaho.cc','Don','Bowers'),(7,'instructor','Fall2018.','(208)562-2522','mindyyoung@cwidaho.cc','Mindy','Young'),(8,'instructor','Fall2018.','(208)562-2517','jennywokersien@cwidaho.cc','Jenny','Wokersien'),(9,'instructor','Fall2018.','(208)562-2521','barttanderson@cwidaho.cc','Bartt','Anderson');
/*!40000 ALTER TABLE `instructors` ENABLE KEYS */;
UNLOCK TABLES;

--
-- Table structure for table `questions`
--

DROP TABLE IF EXISTS `questions`;
/*!40101 SET @saved_cs_client     = @@character_set_client */;
/*!40101 SET character_set_client = utf8 */;
CREATE TABLE `questions` (
  `questionID` int(11) NOT NULL AUTO_INCREMENT,
  `quizID` int(11) NOT NULL,
  `hasAnswer` tinyint(1) NOT NULL,
  `questionContent` varchar(1000) CHARACTER SET utf8 NOT NULL,
  `fileLocation` varchar(100) CHARACTER SET utf8 DEFAULT NULL,
  PRIMARY KEY (`questionID`)
) ENGINE=InnoDB AUTO_INCREMENT=304 DEFAULT CHARSET=latin1;
/*!40101 SET character_set_client = @saved_cs_client */;

--
-- Dumping data for table `questions`
--

LOCK TABLES `questions` WRITE;
/*!40000 ALTER TABLE `questions` DISABLE KEYS */;
INSERT INTO `questions` VALUES (1,1,0,'Rate your comfort level in sending, receiving, printing and saving email attachments. (5=very comfortable 1=unable to complete these tasks)',NULL),(2,1,0,'Rate your comfort level in using Microsoft office. (5=high 1=low)',NULL),(3,1,0,'Rate your ability to go to a specific website and navigate through it to find information. (5=high 1=low)',NULL),(4,1,0,'Rate your ability in navigating to specific computer drives and to specific folders. (5=high 1=low)',NULL),(5,1,0,'Rate your understanding of the basic functions of computer hardware components such as the CPU, Monitor, Keyboard and file storage. (5=high 1=low)',NULL),(6,2,1,'If you wish to re-partition your computer without losing the operating system or data you will need to use a ______ party application.',NULL),(7,2,1,'Which event viewer log can monitor attempted intrusions?',NULL),(8,2,1,'How are users authenticated on a network?',NULL),(9,2,1,'To capture a screen shot of the active window, hold down the ______ key while pressing the PRINT SCRN key.',NULL),(10,2,1,'If you wish to re-partition your computer without losing the operating system or data you will need to use a ______ party application.',NULL),(11,3,1,'Choose the correct HTML element for the largest heading',NULL),(12,3,1,'What is the correct JavaScript to change the content of the HTML element below?',NULL),(13,3,1,'How do you write \"Hello World\" in PHP',NULL),(14,3,1,'Which is the correct CSS syntax?',NULL),(15,3,1,'With SQL, how do you select all the columns from a table named \"Persons\">',NULL),(16,4,1,'When you connect to a secure HTTPS web page, which of the following actions is performed first?',NULL),(17,4,1,'You need to renew your company’s certificate for its public web server. When should you renew the certificate?',NULL),(18,4,1,'During a denial-of-service attack, a network administrator blocks the source IP with the firewall, but the attack continues. What is the most likely cause of the problem?',NULL),(19,4,1,'To further secure your wireless network, you implement MAC address filtering. Which of the following statements describes the wireless network behavior after you enable MAC address filtering?',NULL),(20,4,1,'You have recently installed antivirus software on several client workstations and performed a full scan of the systems. One of the systems was infected with a virus less than an hour after the installation of the software. Which of the following is the most likely issue?',NULL),(21,4,1,'______ controls the way in which the computer system functions and provides a means by which users can interact with the computer.',NULL),(22,2,1,'How long is an IPv6 address?',NULL),(23,3,1,'A webpage displays a picture. What tag was used to display that picture?',NULL),(24,1,1,'Computer software includes:',NULL),(25,3,1,'&lt;b> tag makes the enclosed text bold. What other tag makes text bold?',NULL),(26,2,1,'What flavor of Network Address Translation can be used to have one IP address allow many users to connect to the global Internet?',NULL),(27,4,1,'The difference between people with access to computers and the Internet and those without this access is known as the:',NULL),(28,1,1,'1024 bytes equals:',NULL),(29,4,1,'Servers are computers that provide resources to other computers connected to a:',NULL),(30,2,1,'What are the two main types of access control lists (ACLs)?',NULL),(31,3,1,'What should be the first tag in any HTML document?',NULL),(32,1,1,'The process of transferring files from a computer on the Internet to your computer is called:',NULL),(33,4,1,'Word processing, spreadsheet, and photo-editing are examples of:',NULL),(34,2,1,'What command is used to create a backup configuration?',NULL),(35,3,1,'How can you make an e-mail link',NULL),(36,1,1,'All of the following statements concerning files are true EXCEPT:',NULL),(37,4,1,'Word processing, spreadsheet, and photo-editing are examples of:',NULL),(38,2,1,'Which WLAN IEEE specification allows up to 54Mbps at 2.4GHz?',NULL),(39,3,1,'Which attribute is used to name an element uniquely?',NULL),(40,1,1,'Verification of a login name and password is known as:',NULL),(41,5,1,'How much RAM can a 32-bit version of Microsoft Windows support?',NULL),(42,5,1,'What is the purpose of the DHCP protocol?',NULL),(43,5,1,'Which item below is a valid IPv4 address?',NULL),(44,5,1,'Which device provides permanent data storage?',NULL),(45,5,1,'What is a function of the BIOS?',NULL),(46,5,1,'Which command can be used to test connectivity between two computers that are attached to a network?',NULL),(47,5,1,'What is the purpose of the routing process?',NULL),(48,5,1,'Which device should be used for enabling a host to communicate with another host on a different network?',NULL),(49,5,1,'A company is expanding its business to other countries. All branch offices must remain connected to corporate headquarters at all times. Which network technology is required to support this requirement?',NULL),(50,5,1,'Why would a network administrator use the tracert utility?',NULL),(96,6,1,'Internally, computers are constructed from circuitry that consists of small on/off switches; the most basic circuitry-level language that computers use to control the operation of those switches is called ____.',NULL),(97,6,1,'The ____ behind any program involves executing the various statements and procedures in the correct order to produce the desired results.',NULL),(98,6,1,'To achieve a working program that accomplishes the tasks it is meant to accomplish, you must remove all syntax and logical errors from the program. This process is called ____ the program.',NULL),(99,6,1,'____ represent information that a method needs to perform its task.',NULL),(100,6,1,'The ____ method displays output on the screen and positions the cursor on the next line.',NULL),(101,6,1,'A(n) ____ defines the circumstances under which the method can be accessed.',NULL),(102,6,1,'____ are nonexecuting statements that you add to document a program.',NULL),(103,6,1,'A variable ____ is the statement that names a variable and reserves storage for it.',NULL),(104,6,1,'Arithmetic operators are called ____ operators when you use two arguments with each operator.',NULL),(105,6,1,'The += operator is the ____ operator; it adds the operand on the right to the operand on the left and assigns it to the operand on the left in one step.',NULL),(106,6,1,'You can use a prefix or postfix ____ operator (--) that reduces a variable’s value by one.',NULL),(107,6,1,'You use the ____ data type to hold any single character.',NULL),(108,6,1,'You can use the ____ method to accept user input from the keyboard.',NULL),(109,6,1,'An instruction to the user to enter data is called a ____.',NULL),(110,6,1,'A ____ structure involves choosing between alternative courses of action based on some value within a program.',NULL),(111,6,1,'You use a(n) ____ statement to make a single-alternative decision.',NULL),(112,6,1,'A ____ is a collection of one or more statements contained within a pair of curly braces.',NULL),(113,6,1,'You can use the conditional ____ operator within a Boolean expression to determine whether two expressions are both true.',NULL),(114,6,1,'The conditional AND operator is written as ____.',NULL),(115,6,1,'You can use the conditional ____ operator when you want some action to occur even if only one of two conditions is true',NULL),(116,6,1,'The Boolean logical AND operator is written as ____.',NULL),(117,6,1,'The keyword ____ starts the switch structure.',NULL),(118,6,1,'Not allowing code to reach the end of a case is known as the ____.',NULL),(119,6,1,'The conditional operator ?: is a ____ operator.',NULL),(120,6,1,'The NOT operator is written as ____.',NULL),(121,6,1,'The C# programming language was developed as an object-oriented and component-oriented language.',NULL),(122,6,1,'When the keyword void is used in the Main() method header, it indicates that the Main() method is empty.',NULL),(123,6,1,'You can concatenate two strings with the plus (+) sign.',NULL),(124,6,1,'Addition and subtraction always take place prior to multiplication, division, or remainder in an expression.',NULL),(125,6,1,'To use a prefix increment operator, type two plus signs after the variable name.',NULL),(126,6,1,'In C#, character data is case sensitive.',NULL),(127,6,1,'In C#, an array’s elements are numbered beginning with 1.',NULL),(128,6,1,'When you instantiate an array, you can choose its location in memory.',NULL),(129,6,1,'In C#, arrays are objects.',NULL),(130,6,1,'One execution of any loop is called a(n) ____.',NULL),(131,6,1,'The evaluated Boolean expression in a while statement can be a compound expression that uses ANDs and ____.',NULL),(132,6,1,'With a ____ loop, you can indicate the starting value for the loop control variable, the test condition that controls loop entry, and the expression that alters the loop control variable, all in one convenient place.',NULL),(133,6,1,'The ____ loop checks a value at the “top” of the loop before the body has a chance to execute.',NULL),(134,6,1,'The ____ loop checks at the bottom of the loop after one repetition has occurred.',NULL),(135,6,1,'When you use a loop within a loop, you should always think of the ____ loop as the all-encompassing loop.',NULL),(136,6,1,'Often totals are ____; that is, summed one at a time in a loop.',NULL),(137,6,1,'The ____ operator is used to create objects.',NULL),(138,6,1,'An array subscript can be an expression, as long as the expression evaluates to a(n) ____.',NULL),(139,6,1,'When you declare objects, their numeric fields initialize to ____.',NULL),(140,6,1,'When you declare objects, their bool fields initialize to ____.',NULL),(141,6,1,'When you use curly braces to enclose a list of array values, you must complete the statement with a ____.',NULL),(142,6,1,'C# supports a ____ statement that you can use to cycle through every array element without using a subscript.',NULL),(143,6,1,'The ____ method arranges array items in ascending order.',NULL),(144,6,1,'The ____ method does not sort array elements; it only rearranges their positions to the opposite order.',NULL),(145,6,1,'In a ____ array, each row has the same number of columns.',NULL),(146,6,1,'In C#, parameters can be mandatory or ____.',NULL),(147,6,1,'When you use a(n) ____ parameter in a method header, you indicate the parameter’s type and name, and the method receives a copy of the value passed to it.',NULL),(148,6,1,'On occasion, you might want a method to be able to alter a value you pass to it. In that case, you can use a(n) ____ parameter or an output parameter.',NULL),(149,6,1,'Reference and ____ parameters have memory addresses that are passed to a method, allowing it to alter the original variables.',NULL),(150,6,1,'You use the keyword ____ as a modifier to indicate an output parameter.',NULL),(151,6,1,'When you don’t know how many arguments you might eventually send to a method, you can declare a(n) ____.',NULL),(152,6,1,'A(n) ____ parameter to a method is one for which a default value is automatically supplied if you do not explicitly send one as an argument.',NULL),(153,6,1,'Any optional parameters in a parameter list must follow all ____ parameters.',NULL),(154,6,1,'If you assign a default value to any variable in a method’s parameter list, then all parameters to the right of that parameter must have ____ values.',NULL),(155,6,1,'Methods can ____, or call, other methods; that is, a program uses a method’s name and the method performs a job for the class.',NULL),(156,6,1,'The ____ modifier limits method access to the containing class.',NULL),(157,6,1,'If you use the keyword modifier ____, you indicate that a method can be called without referring to an object.',NULL),(158,6,1,'When a method’s return type is ____, most C# programmers do not end the method with a return statement.',NULL),(159,6,1,'A(n) ____ receives an argument’s value when the method executes.',NULL),(160,6,1,'With ____, if a programmer changes the way in which a method internally works, programs that use that method will not be affected and will not need to be modified.',NULL),(161,6,1,'A variable is ____ to a method when it is declared within that method.',NULL),(162,6,1,'If two method parameters are of the same type—for example, two doubles—passing arguments to a method in the wrong order results in a ____ error.',NULL),(163,6,1,'When an array is passed by ____, the method receives the actual memory address of the array and has access to the actual values in the array elements.',NULL),(164,6,1,'Both reference and output parameters occupy their own memory locations.',NULL),(165,6,1,'A method can return, at most, one value to a method that calls it.',NULL),(166,7,1,'The data components of a class that differ for each object are stored in ____.',NULL),(167,7,1,'A class client is also known as a class ____.',NULL),(168,7,1,'The ____ class access modifier means that access to the class is limited to the class and to any classes derived from the class.',NULL),(169,7,1,'The ____ class access modifier means that access is limited to another class to which the class belongs.',NULL),(170,7,1,'An object’s ____ is the set of contents of its fields.',NULL),(171,7,1,'Using private fields within classes is an example of ____, a feature found in all object-oriented languages.',NULL),(172,7,1,'Properties have ____ that specify the statements that execute when a class’s fields are accessed.',NULL),(173,7,1,'A(n) ____ constructor is one that takes no arguments.',NULL),(174,7,1,'A ____ is a clause that indicates another instance of a class constructor should be executed before any statements in the current constructor body.',NULL),(175,7,1,'An object is a(n) _________ of a class.',NULL),(176,7,1,'A ____ contains the actions you require when an instance of a class is destroyed.',NULL),(177,7,1,'A class that is used as a basis for inheritance is called a(n) ____.',NULL),(178,7,1,'A class that inherits from a base class is a ____.',NULL),(179,7,1,'A ____ is a synonym for a derived class.',NULL),(180,7,1,'A ____ is a synonym for a base class.',NULL),(181,7,1,'A(n) ____ conversion occurs when a type is automatically converted to another upon assignment.',NULL),(182,7,1,'For auto-implemented properties, the ____ accessor assigns a value to an associated field and the ____ accessor returns the associated field value.',NULL),(183,7,1,'When you declare a property defined in a base class as override in a derived class, this new declaration overrides and ____ its counterpart in the parent class.',NULL),(184,7,1,'You can use the keyword ____ to access a parent class method.',NULL),(185,7,1,'____ describes a method that calls itself.',NULL),(186,7,1,'The keyword ____ always refers to the superclass of the class in which you use it.',NULL),(187,7,1,'A(n) ____ class is one from which you cannot create concrete objects, but from which you can inherit.',NULL),(188,7,1,'The environment the user sees is a program’s ____.',NULL),(189,7,1,'____ are GUI objects that provide an interface for collecting, displaying, and delivering information.',NULL),(190,7,1,'The ____ file list in Visual Studio shows the files that are part of the current project.',NULL),(191,7,1,'A(n) ____ is a clickable object that allows a user to interact with a GUI program.',NULL),(192,7,1,'If a Button’s identifier is reportButton, then by default the name of its Click() method is ____.',NULL),(193,7,1,'The ____ in the IDE provides lists of controls that can be dragged onto a Form so that you can develop programs visually, using a mouse.',NULL),(194,7,1,'A(n) ____ causes a program to perform a task.',NULL),(195,7,1,'The error list in the IDE displays messages about compiler errors in your code.',NULL),(196,7,1,'____ represents the degree to which a system is resilient to stress, maintaining correct functioning.',NULL),(197,7,1,'When you write a block of code in which something can go wrong, you can place the code in a(n) ____ block.',NULL),(198,7,1,'Each ____ block can “catch” one type of Exception.',NULL),(199,7,1,'____ blocks contain statements that can never execute under any circumstances because the program logic “can’t get there.”',NULL),(200,7,1,'The ____ block is used frequently with file input and output to ensure that open files are closed.',NULL),(201,7,1,'____ is the type of exception automatically generated if there is a problem opening a file, reading data from a file, or writing to a file.',NULL),(202,7,1,'The memory location where the computer stores the list of locations to which the system must return is known as the ____.',NULL),(203,7,1,'To create your own Exception that you can throw, you can extend the ApplicationException class, which is a subclass of ____.',NULL),(204,7,1,'When you write a method that catches an Exception, your method does not have to handle the Exception. Instead, you might choose to ____ the Exception to the method that called your method.',NULL),(205,7,1,'The ____ class provides the definitions for GUI objects.',NULL),(206,7,1,'You use the ____ class to change the appearance of printed text on your Forms.',NULL),(207,7,1,'____ objects are GUI widgets the user can click to select or deselect an option.',NULL),(208,7,1,'Both CheckBox and RadioButton objects have a ____ method that is called when a user clicks any CheckBox or RadioButton.',NULL),(209,7,1,'Like all other classes in the C# programming language, the Exception class is a descendant of the ____ class.',NULL),(210,7,1,'The ____ reference is passed to every instance method and property accessor in a class.',NULL),(211,7,1,'A/an ____ is a group of code modules compiled together to create an executable program.',NULL),(212,7,1,'To ____ a method is to take precedence over another method version.',NULL),(213,7,1,'A/an ____ is a number that uniquely identifies an object.',NULL),(214,7,1,'____ describes classes that depend on field names from parent classes because they are prone to errors.',NULL),(215,7,1,'Reference ____ occurs when two reference type objects refer to the same object.',NULL),(216,7,1,'Assuming that the following classes are well named, which of the following is a parent class of House?',NULL),(217,7,1,'In C#, a(n) ____ occurs when something interesting happens to an object.',NULL),(218,7,1,'The event-handler method is also known as a(n) ____.',NULL),(219,7,1,'C# ____ provide a way for a program to take alternative courses when running.',NULL),(220,7,1,'A(n) ____ is a variable that holds a method’s memory address.',NULL),(221,7,1,'You declare a delegate using the keyword ____.',NULL),(222,7,1,'When you write a C# program that stores a value in a variable, you are using temporary storage; the value you store is lost when the program ends or the computer loses power. This type of storage is ____.',NULL),(223,7,1,'Files exist on ____ storage devices, such as hard disks, USB drives, reels of magnetic tape, and optical discs.',NULL),(224,7,1,'____ is the process of converting objects into streams of bytes.',NULL),(225,7,1,'____ converts streams of bytes back into objects.',NULL),(227,8,1,'What does HTML stand for?',NULL),(228,8,1,'The ____ tag is used to display a horizontal rule across the page.',NULL),(229,8,1,'What is the correct HTML for inserting a background image?',NULL),(230,8,1,'The _____ tags contain the Web page title, for example.',NULL),(235,10,1,'sdfgsdfg',NULL),(246,9,1,'yulyu',NULL),(247,11,1,'Different',NULL),(248,8,1,'The _____ tags must be at the start and end of a definition list.',NULL),(249,8,1,'HTML has several different levels of headings numbered 1 through 6, with &lt;h6&gt; being the largest. ',NULL),(250,8,1,'The alt attribute is used to specify an alternate text for an image, if the image cannot be displayed.',NULL),(251,8,1,'The kind of list that can use numbers, letters, or Roman numerals.',NULL),(252,8,1,'A Web developer should design the Web site in such a way that the links from one Web page to another are apparent and the ____ is clear.',NULL),(253,8,1,'An &lt;iframe&gt; is used to display a web page within a web page.',NULL),(254,8,1,'The ____ page of a Web site often serves as an index or table of contents to other documents and files displayed on the site.',NULL),(255,8,1,'Web pages are stored on a(n) ____, which is a computer that stores and sends requested Web pages and other files.',NULL),(256,8,1,'HTML comments start with &lt;!-- and end with --&gt;',NULL),(257,8,1,'Any computer that has the appropriate software installed on it and is connected to the Internet can act as a Web ____.',NULL),(258,8,1,'A(n) ____ site is a site generally available to the public.',NULL),(259,8,1,'Which HTML element is used to specify a footer for a document or section?',NULL),(260,8,1,'A(n) ____ is the address of a document or other file accessible on the Internet.',NULL),(261,8,1,'In HTML, you can embed SVG elements directly into an HTML page.',NULL),(262,8,1,'What is the correct HTML element for playing video files?',NULL),(263,8,1,'The _____ tags indicate the start and end of an HTML document.',NULL),(264,8,1,'When the browser finds a(n)_____ tag in an HTML file, it starts a new line and inserts a blank line above the new paragraph.',NULL),(265,8,1,'Bulleted lists are also called _____ lists.',NULL),(266,8,1,'The _____ tags must be at the start and end of an unordered list.',NULL),(267,8,1,'HTML files must end with an extension of ____.',NULL),(268,8,1,'A(n) ____ style takes precedence over the styles defined in all other kinds of style sheets.',NULL),(269,8,1,'The _____ attribute is used to define the URL of an image to load with the &lt;img&gt; tag.',NULL),(270,8,1,'The &lt;a&gt; tag also is called the ____ tag.',NULL),(271,8,1,'The form of an e-mail link is ____.',NULL),(272,8,1,'____ paths specify the location of a file, in relation to the location of the file that is currently in use.',NULL),(273,8,1,'The ____ tags create a container into which a user can add an inline style.',NULL),(274,8,1,'A(n) ____ path specifies the exact address for the file to which you are linking or displaying a graphic.',NULL),(275,8,1,'What is the correct HTML element for playing audio files?',NULL),(276,8,1,'Once you have added a style statement with the class name &quot;footer&quot; you can display text in the style of that class using the ____ tag.',NULL),(277,8,1,'In HTML, onblur and onfocus are:',NULL),(278,8,1,'A(n) ____ is a horizontal line of information in a table.',NULL),(279,8,1,'In HTML, which attribute is used to specify that an input field must be filled out?',NULL),(280,8,1,'Which input type defines a slider control?',NULL),(281,8,1,'The ____ tags indicate the start and end of cells in a table.',NULL),(282,8,1,'The ____ tag indicates the start and end of a table.',NULL),(283,8,1,'Which HTML element defines navigation links?',NULL),(284,8,1,'In HTML, what does the &lt;aside&gt; element define? ',NULL),(285,8,1,'Which HTML element is used to specify a header for a document or section?',NULL),(286,8,1,'Which doctype is correct for HTML5?',NULL),(287,8,1,'Which of the following are not a markup element in html5?',NULL),(288,8,1,'Which element is used to draw graphics images on a web page?',NULL),(289,8,1,'Who is responsible for making the Web standards?',NULL),(290,8,1,'What is the correct HTML element for inserting a line break?',NULL),(291,8,1,'What is the correct HTML for creating a hyperlink?',NULL),(292,8,1,'Which character is used to indicate an end tag?',NULL),(293,8,1,'How can you open a link in a new tab/browser window?',NULL),(294,8,1,'Which of these elements are all &lt;table&gt; elements?',NULL),(295,8,1,'Inline elements are normally displayed without starting a new line.',NULL),(296,8,1,'What is the correct HTML for making a checkbox?',NULL),(297,8,1,'What is the correct HTML for making a text input field?',NULL),(298,8,1,'What is the correct HTML for making a drop-down list?',NULL),(299,8,1,'What is the correct HTML for making a text area?',NULL),(300,8,1,'What is the correct HTML for inserting an image?',NULL),(301,8,1,'What is the correct HTML for adding a background color?',NULL),(302,8,1,'The correct tag to define a button for submitting form data to a form-handler is:',NULL),(303,8,1,'Which form attribute specifies if GET or POST will be used when submitting form data?',NULL);
/*!40000 ALTER TABLE `questions` ENABLE KEYS */;
UNLOCK TABLES;

--
-- Table structure for table `quizzes`
--

DROP TABLE IF EXISTS `quizzes`;
/*!40101 SET @saved_cs_client     = @@character_set_client */;
/*!40101 SET character_set_client = utf8 */;
CREATE TABLE `quizzes` (
  `quizID` int(11) NOT NULL AUTO_INCREMENT,
  `instructorID` int(11) NOT NULL,
  `quizName` varchar(30) CHARACTER SET utf8 NOT NULL,
  `deptURL` varchar(200) CHARACTER SET utf8 DEFAULT NULL,
  `quizShow` int(11) NOT NULL,
  PRIMARY KEY (`quizID`),
  KEY `instructorID` (`instructorID`),
  CONSTRAINT `quizzes_ibfk_1` FOREIGN KEY (`instructorID`) REFERENCES `instructors` (`instructorID`)
) ENGINE=InnoDB AUTO_INCREMENT=13 DEFAULT CHARSET=latin1;
/*!40101 SET character_set_client = @saved_cs_client */;

--
-- Dumping data for table `quizzes`
--

LOCK TABLES `quizzes` WRITE;
/*!40000 ALTER TABLE `quizzes` DISABLE KEYS */;
INSERT INTO `quizzes` VALUES (1,2,'General','http://cwidaho.cc/programs-degrees/professional-technical-education',0),(2,1,'Networking','http://cwidaho.cc/program/network-administration',0),(3,8,'Software','http://cwidaho.cc/program/software-development',0),(4,4,'Information Technology','http://cwidaho.cc/program/cisco-networking-and-security-technologies',0),(5,5,'CISCO','http://cwidaho.cc/program/cisco-networking-and-security-technologies',0),(6,8,'SWDV105 Challenge','http://cwidaho.cc/program/software-development',1),(7,8,'SWDV110 Challenge','http://cwidaho.cc/program/software-development',1),(8,8,'SWDV115 Challenge','http://cwidaho.cc/program/software-development',1),(9,8,'This is a test','www.testingurl.net',1),(10,8,'Testing Testing Testing','yes',1),(11,8,'Quiz Name','Yes',1),(12,8,'Example Quiz','Urlasdfasf',1);
/*!40000 ALTER TABLE `quizzes` ENABLE KEYS */;
UNLOCK TABLES;

--
-- Table structure for table `responses`
--

DROP TABLE IF EXISTS `responses`;
/*!40101 SET @saved_cs_client     = @@character_set_client */;
/*!40101 SET character_set_client = utf8 */;
CREATE TABLE `responses` (
  `responseID` int(11) NOT NULL AUTO_INCREMENT,
  `quizID` int(11) NOT NULL,
  `studentEmail` varchar(300) CHARACTER SET utf8 NOT NULL,
  `studentFirst` varchar(100) CHARACTER SET utf8 NOT NULL,
  `studentLast` varchar(100) CHARACTER SET utf8 NOT NULL,
  `studentCwiID` int(11) DEFAULT NULL,
  `studentScore` int(11) NOT NULL,
  `submitTime` datetime NOT NULL,
  `answerSet` varchar(10000) DEFAULT NULL,
  PRIMARY KEY (`responseID`)
) ENGINE=InnoDB AUTO_INCREMENT=17935 DEFAULT CHARSET=latin1;
/*!40101 SET character_set_client = @saved_cs_client */;

--
-- Dumping data for table `responses`
--

LOCK TABLES `responses` WRITE;
/*!40000 ALTER TABLE `responses` DISABLE KEYS */;
INSERT INTO `responses` VALUES (17919,6,'jennywokersien@cwidaho.cc','Jenny','Wokersien',0,31,'2016-10-12 13:18:24','96:311,97:314,98:316,99:320,100:325,101:331,102:333,103:339,104:340,105:344,106:348,107:355,108:357,109:362,110:366,111:369,112:374,113:379,114:382,115:386,116:390,117:392,118:396,119:402,120:407,121:409,122:411,123:413,124:414,125:416,126:418,127:420,128:422,129:424,130:429,131:430,132:436,133:439,134:442,135:449,136:453,137:454,138:460,139:464,140:468,141:470,142:475,143:480,144:485,145:489,146:492,147:495,148:501,149:502,150:508,151:513,152:514,153:520,154:525,155:528,156:530,157:537,158:539,159:542,160:548,161:551,162:555,163:561,164:563'),(17920,6,'jennywokersien@cwidaho.cc','Jenny','Wokersien',0,23,'2016-10-14 08:53:25','96:309,97:314,98:316,99:323,100:327,101:329,102:334,103:336,104:342,105:347,106:348,107:354,108:357,109:362,110:364,111:371,112:375,113:378,114:381,115:385,116:391,117:392,118:399,119:402,120:406,121:409,122:411,123:413,124:415,125:416,126:418,127:421,128:422,129:424,130:426,131:430,132:437,133:438,134:443,135:449,136:451,137:455,138:461,139:465,140:468,141:472,142:477,143:481,144:483,145:489,146:491,147:495,148:498,149:503,150:506,151:513,152:516,153:519,154:524,155:528,156:533,157:535,158:538,159:543,160:548,161:552,162:557,163:559,164:562'),(17922,7,' jennywokersien@cwidaho.cc','Jenny','Wokersien',0,97,'2016-11-17 11:17:52','166:568,167:572,168:576,169:580,170:584,171:586,172:593,173:595,174:600,175:604,176:608,177:612,178:615,179:621,180:623,181:627,182:631,183:637,184:638,185:645,186:649,187:650,188:654,189:661,190:664,191:667,192:670,193:674,194:680,195:682,196:725,197:726,198:731,199:737,200:740,201:745,202:748,203:751,204:754,205:758,206:764,207:768,208:772,209:777,210:780,211:782,212:788,213:791,214:796,215:798,216:803,217:807,218:813,219:814,220:820,221:825,222:826,223:833,224:837'),(17923,7,'jgraziano2@gmail.com','Jacobi','Graziano',0,97,'2016-11-28 12:20:44','166:568,167:572,168:576,169:580,170:584,171:586,172:593,173:595,174:600,175:604,176:608,177:612,178:615,179:621,180:623,181:627,182:631,183:637,184:638,185:645,186:649,187:650,188:654,189:661,190:664,191:667,192:670,193:674,194:680,195:682,196:725,197:726,198:731,199:737,200:740,201:745,202:748,203:751,204:754,205:758,206:764,207:768,208:772,209:777,210:780,211:782,212:788,213:791,214:796,215:798,216:803,217:807,218:813,219:814,220:820,221:825,222:826,223:833,224:837'),(17926,1,'jennywokersien@cwidaho.cc','Jenny','Wokersien',0,90,'2017-04-04 10:51:31','1:3,2:8,3:14,4:19,5:24,24:100,28:113,32:129,36:147'),(17927,3,'jameskitzhaber@mycwi.cc','James','Kitzhaber',0,100,'2017-04-04 10:53:36','11:47,12:52,13:56,14:60,15:61,23:95,25:101,31:127,35:144'),(17929,9,'testEmail@gmail.com','Test','McTesterson',0,0,'2017-04-27 09:00:00',''),(17930,9,'testEmail@gmail.com','Test','McTesterson',0,100,'2017-04-27 09:00:12',''),(17931,1,'testEmail@gmail.com','Test','Johnson',0,50,'2017-05-02 09:03:50','1:4,2:9,3:14,4:19,5:24,24:98,28:115,32:130,36:145'),(17932,3,'sdfg','sdfg','sdfg',0,30,'2017-05-02 09:04:52','11:47,12:52,13:55,14:58,15:61,23:96,25:102,31:125,35:143'),(17933,3,'test@gmail.com','Test','Johnson',0,10,'2017-05-02 09:45:08','11:49,12:51,13:54,14:58,15:63,23:94,25:104,31:128,35:142'),(17934,8,'jennywokersien@cwidaho.cc','Jenny','Wokersien',0,97,'2018-03-21 17:51:06','227:846,228:850,229:854,230:858,248:930,249:934,250:938,251:942,252:946,253:950,254:954,255:958,256:962,257:966,258:970,259:974,260:978,261:982,262:986,263:990,264:994,265:998,266:1002,267:1006,268:1010,269:1014,270:1018,271:1022,272:1026,273:1030,274:1034,275:1038,276:1042,277:1046,278:1050,279:1054,280:1058,281:1062,282:1066,283:1070,284:1074,285:1078,286:1082,287:1086,288:1090,289:1094,290:1101,291:1102,292:1106,293:1110,294:1114,295:1118,296:1122,297:1126,298:1130,299:1135,300:1138,301:1142,302:1146');
/*!40000 ALTER TABLE `responses` ENABLE KEYS */;
UNLOCK TABLES;
/*!40103 SET TIME_ZONE=@OLD_TIME_ZONE */;

/*!40101 SET SQL_MODE=@OLD_SQL_MODE */;
/*!40014 SET FOREIGN_KEY_CHECKS=@OLD_FOREIGN_KEY_CHECKS */;
/*!40014 SET UNIQUE_CHECKS=@OLD_UNIQUE_CHECKS */;
/*!40101 SET CHARACTER_SET_CLIENT=@OLD_CHARACTER_SET_CLIENT */;
/*!40101 SET CHARACTER_SET_RESULTS=@OLD_CHARACTER_SET_RESULTS */;
/*!40101 SET COLLATION_CONNECTION=@OLD_COLLATION_CONNECTION */;
/*!40111 SET SQL_NOTES=@OLD_SQL_NOTES */;

-- Dump completed on 2018-05-09 15:14:02
